accuracy,loss,val_accuracy,val_loss
0.6394497156143188,0.8858455419540405,0.6436014771461487,0.8179270029067993
0.7137752175331116,0.6435286402702332,0.7119632959365845,0.8724365830421448
0.8645703196525574,0.3543141186237335,0.7044602036476135,1.1204712390899658
0.9376451373100281,0.16788871586322784,0.701542317867279,1.9049344062805176
