accuracy,loss,val_accuracy,val_loss
0.6399856805801392,0.9191931486129761,0.6436014771461487,0.9065884947776794
0.6437377333641052,0.9052956104278564,0.6436014771461487,0.9005213975906372
0.645881712436676,0.897474467754364,0.6419341564178467,0.9035614728927612
0.6576737761497498,0.8769199848175049,0.6406835913658142,0.9148514270782471
0.661425769329071,0.8642560839653015,0.6335973143577576,0.9323294162750244
