accuracy,loss,val_accuracy,val_loss
0.6498124003410339,0.8634636402130127,0.6969570517539978,0.755294919013977
0.763444721698761,0.5858136415481567,0.7065443992614746,0.7501218914985657
0.8599249720573425,0.3754025101661682,0.7161317467689514,0.8445152640342712
0.9178131222724915,0.2368931621313095,0.6973739266395569,0.9529763460159302
0.947293221950531,0.15955574810504913,0.6982075572013855,1.2558685541152954
